<?xml version="1.0" encoding="UTF-8"?> 
<beans xmlns="http://www.springframework.org/schema/beans" 
xmlns:xsi="http://www.w3.org/2001/XMLSchema-instance" 
xsi:schemaLocation="http://www.springframework.org/schema/beans http://www.springframework.org/schema/beans/spring-beans-3.0.xsd">
   
   
   
   
<bean id="helloWorld" class="Inheritance.HelloWorld">
	 <property name="msg1" value="Java World"/> 
	 <property name="msg2" value="WorldParent."/> 
</bean>





<bean id="helloJava" class="Inheritance.HelloJava" parent="helloWorld"> 
  		<property name="msg2" value="JavaChild"/>
  		<property name="msg3" value="ProgramMsg3Child"/> 
</bean>

</beans> 