<?xml version="1.0" encoding="UTF-8"?>
 <beans xmlns="http://www.springframework.org/schema/beans" 
 xmlns:xsi="http://www.w3.org/2001/XMLSchema-instance"
 xsi:schemaLocation="http://www.springframework.org/schema/beans http://www.springframework.org/schema/beans/spring-beans-3.0.xsd"> 
  
   <bean id="helloTemplate" abstract="true"> 
   			<property name="msg1" value="Common World."/>
   </bean> 
   
     
   
   <bean id="helloWorld" class="Inheritance.HelloWorld" parent="helloTemplate"> 
   		<property name="msg2" value="World."/> 
   </bean> 
   
      
   <bean id="helloJava" class="Inheritance.HelloJava" parent="helloTemplate"> 
   		<property name="msg2" value="Java"/>
   </bean> 
   
 </beans> 