<?xml version="1.0" encoding="UTF-8"?> 
<beans xmlns="http://www.springframework.org/schema/beans"
 xmlns:xsi="http://www.w3.org/2001/XMLSchema-instance"
  xsi:schemaLocation="http://www.springframework.org/schema/beans http://www.springframework.org/schema/beans/spring-beans-3.0.xsd">   
  
  <bean id="obj" class="mypack.Student" init-method="init" destroy-method="destroy">
  
  	 <property name="name" value="Jai"/>
  	 <property name="rollNo" value="MCA/07/06"/>
  	 <property name="className" value="MCA"/>
  	
   </bean>
   
  
    <bean id="dp" class="mypack.Department">
    
     <property name="msg1" value="Department"/>
     <property name="depart" value="DP1111"/>
  	 <property name="deptname" value="EDP"/>
    
   </bean>
   
      
    <bean id="emp" class="mypack.Employee" parent="dp">
  
     <property name="em" value="EP101"/>
  	 <property name="name" value="Jai"/>
  	   
   </bean>
   

   
    
</beans> 
