<?xml version="1.0" encoding="UTF-8"?>

<!DOCTYPE hibernate-configuration 
PUBLIC "-//Hibernate/Hibernate Configuration DTD 3.0//EN" 
"http://www.hibernate.org/dtd/hibernate-configuration-3.0.dtd">


<hibernate-configuration>
  <session-factory>
   
    <property name="hbm2ddl.auto">update</property>
    <property name="hibernate.dialect">org.hibernate.dialect.MySQLDialect</property>
    <property name="hibernate.connection.driver_class">com.mysql.cj.jdbc.Driver</property>
    <property name="hibernate.connection.url">jdbc:mysql://127.0.0.1:3306/hibernate</property>
    <property name="hibernate.connection.username">root</property>    
    <property name="hibernate.show_sql">true</property> 
        
  	<mapping class="mypack.usertbl"/>   
  	<mapping class="mypack.student"/>  
  	<mapping class="mypack.course"/>  
    
 
  </session-factory>
</hibernate-configuration>