<?xml version="1.0" encoding="UTF-8"?>

<!DOCTYPE hibernate-configuration 
PUBLIC "-//Hibernate/Hibernate Configuration DTD 3.0//EN" 
"http://www.hibernate.org/dtd/hibernate-configuration-3.0.dtd">


<hibernate-configuration>
  <session-factory>
   
    <property name="hbm2ddl.auto">create</property>
    <property name="hibernate.dialect">org.hibernate.dialect.MySQLDialect</property>
    <property name="hibernate.connection.driver_class">com.mysql.cj.jdbc.Driver</property>
    <property name="hibernate.connection.url">jdbc:mysql://127.0.0.1:3306/associations</property>
    <property name="hibernate.connection.username">root</property>    
    <property name="hibernate.show_sql">true</property> 
        

<!-- 	 <mapping class="mypack.Account"/>
	<mapping class="mypack.Employee"/>  -->
	
	
	
<!-- 	 <mapping class="ManyToOne.Account"/>
	<mapping class="ManyToOne.Employee"/>-->
	
	<mapping class="ManyToManyBiDirectional.Branch"/>
	<mapping class="ManyToManyBiDirectional.Subjects"/>
	
 
  </session-factory>
</hibernate-configuration>